"","target_word","base_word","mean","bootstrap_se","bootstrap_me","lb","ub","significant","pvalue"
"1","111319","african_american",-0.0373441996169277,0.0330903753233876,0.0648559438687525,-0.10220014348568,0.0275117442518249,0,0.259086991961674
"2","111319","caucasian",-0.0231910493690521,0.0281255933593652,0.0551251500281748,-0.0783161993972268,0.0319341006591227,0,0.409625273078544
"3","111319","hispanic",-0.078852932062,0.0298418921485443,0.0584890338416755,-0.137341965903676,-0.0203638982203245,1,0.0082331228287873
"4","111417","african_american",-0.000902925070840865,0.0279486344566109,0.0547783169520325,-0.0556812420228733,0.0538753918811916,0,0.974227553992431
"5","111417","caucasian",-0.00498052785842447,0.0289491141361506,0.0567392210911945,-0.0617197489496189,0.05175869323277,0,0.86340276209329
"6","111417","hispanic",0.00165320091764443,0.0358792696852921,0.0703220763747723,-0.0686688754571279,0.0719752772924167,0,0.963249059847497
"7","1121219","african_american",-0.0456015820498578,0.0296089394052398,0.0580324548546988,-0.103634036904557,0.012430872804841,0,0.123528946608132
"8","1121219","caucasian",0.0166389407007955,0.0301716052422854,0.0591352596306392,-0.0424963189298437,0.0757742003314347,0,0.581306857350326
"9","1121219","hispanic",0.0150005006205902,0.034732116950667,0.0680736983301405,-0.0530731977095503,0.0830741989507307,0,0.665820387277049
"10","112222","african_american",-0.00165004190639593,0.0339195105017197,0.0664810189565987,-0.0681310608629946,0.0648309770502028,0,0.961201565739398
"11","112222","caucasian",0.0127378587687417,0.0330400255414125,0.0647572601094519,-0.0520194013407102,0.0774951188781936,0,0.699846180441502
"12","112222","hispanic",0.0394179240887752,0.037712043883769,0.0739142477955813,-0.0344963237068061,0.113332171884356,0,0.295914666169782
"13","1124","african_american",-0.00358378202072345,0.031842963971485,0.0624110625451172,-0.0659948445658406,0.0588272805243937,0,0.910390902092368
"14","1124","caucasian",-0.0263688660517801,0.0292943318518924,0.0574158353808737,-0.0837847014326538,0.0310469693290937,0,0.368048182259414
"15","1124","hispanic",0.0021095400035847,0.039958949496795,0.0783181018737732,-0.0762085618701885,0.0804276418773579,0,0.957897094487749
"16","112915","african_american",0.0620758740813471,0.0414886957963856,0.0813163495264542,-0.019240475445107,0.143392223607801,0,0.134598483947063
"17","112915","caucasian",0.0434877920517465,0.0244556152673066,0.0479321251436888,-0.0044443330919423,0.0914199171954353,0,0.0753655283740411
"18","112915","hispanic",0.00308328594546765,0.0335067788385745,0.0656720797615548,-0.0625887938160872,0.0687553657070225,0,0.926682335286089
"19","112918","african_american",-0.0157826181595738,0.0323203466416608,0.0633467153855053,-0.079129333545079,0.0475640972259315,0,0.625324369859456
"20","112918","caucasian",0.0117109697312117,0.0313136499493815,0.0613736261252822,-0.0496626563940706,0.0730845958564939,0,0.708412283857607
"21","112918","hispanic",-0.00796965209010523,0.0276502414615687,0.0541934774285107,-0.0621631295186159,0.0462238253384055,0,0.773170049549313
"22","1129215","african_american",0.00845204285578802,0.0336802915404998,0.0660121584081887,-0.0575601155524007,0.0744642012639768,0,0.801853370435504
"23","1129215","caucasian",-0.0169999261350313,0.0357395009136326,0.0700481346161562,-0.0870480607511875,0.053048208481125,0,0.634315124430156
"24","1129215","hispanic",4.58893337054178e-05,0.0392730823336287,0.0769738269357886,-0.0769279376020831,0.077019716269494,0,0.999067697762393
"25","1129219","african_american",-0.0382461849716492,0.0423471133118012,0.082998816940367,-0.121245001912016,0.0447526319687178,0,0.366441408402827
"26","1129219","caucasian",-0.00814020981197245,0.0357949801037898,0.0701568718307557,-0.0782970816427282,0.0620166620187833,0,0.820103351042538
"27","1129219","hispanic",0.00926019642502069,0.0431453103097054,0.0845632543088273,-0.0753030578838066,0.093823450733848,0,0.830057275694014
"28","1133","african_american",-0.0472988738649292,0.0371665724071194,0.0728451433467541,-0.120144017211683,0.0255462694818249,0,0.203153390996841
"29","1133","caucasian",-0.0268777174176648,0.0351630361199416,0.0689182843821665,-0.0957960017998313,0.0420405669645017,0,0.444644282248157
"30","1133","hispanic",-0.00206428855890408,0.0273209136036079,0.0535480066878018,-0.0556122952467059,0.0514837181288978,0,0.93977148097355
"31","1154","african_american",-0.0439410615814268,0.0317772048478891,0.0622821770312142,-0.106223238612641,0.0183411154497874,0,0.166730612652541
"32","1154","caucasian",-0.0472258035268169,0.0398881304880264,0.0781792991671659,-0.125405102693983,0.030953495640349,0,0.236430360528335
"33","1154","hispanic",-0.0776586528867483,0.0328313770890494,0.0643483166573902,-0.142006969544139,-0.0133103362293581,1,0.0180116235300742
"34","11716","african_american",-0.0154006183613092,0.0260273585022475,0.0510126852771174,-0.0664133036384266,0.0356120669158083,0,0.554045569426416
"35","11716","caucasian",0.018009542429354,0.0296791034577423,0.0581699738706131,-0.040160431441259,0.0761795162999671,0,0.543977778904594
"36","11716","hispanic",0.0389160441816784,0.0266730470455593,0.0522782115672388,-0.0133621673855603,0.0911942557489172,0,0.144564400416638
"37","11816","african_american",0.0418276285752654,0.031540413787018,0.0618180750800458,-0.0199904465047804,0.103645703655311,0,0.184786774527207
"38","11816","caucasian",0.0580782889854163,0.0256040926292018,0.0501830994100631,0.00789518957535324,0.108261388395479,1,0.0233096774566504
"39","11816","hispanic",0.0528702765586786,0.02848702324957,0.0558335395959124,-0.00296326303723376,0.108703816154591,0,0.0634617572704574
"40","118213","african_american",0.110102138854563,0.0355985684725545,0.0697719121073898,0.0403302267471735,0.179874050961953,1,0.00198223551317311
"41","118213","caucasian",0.0869028956629336,0.0399808616624655,0.0783610489293105,0.00854184673362313,0.165263944592244,1,0.0297342582814293
"42","118213","hispanic",0.114687094092369,0.0400765508341057,0.0785485962594358,0.0361384978329333,0.193235690351805,1,0.00421374603180147
"43","1211216","african_american",0.0326766548008891,0.0374168901266901,0.0733357570618049,-0.0406591022609158,0.106012411862694,0,0.382492522368171
"44","1211216","caucasian",0.0341572629637085,0.0348507521963978,0.0683062191390698,-0.0341489561753613,0.102463482102778,0,0.327036182256175
"45","1211216","hispanic",0.0528618853539228,0.0315425609711156,0.0618222834835453,-0.0089603981296225,0.114684168837468,0,0.0937595989213422
"46","1213218","african_american",-0.0434136050753295,0.0400803050342428,0.0785559543564953,-0.121969559431825,0.0351423492811658,0,0.278734954178367
"47","1213218","caucasian",-0.0537985459435731,0.0290061309913666,0.0568509720739297,-0.110649518017503,0.00305242613035658,0,0.0636347697728825
"48","1213218","hispanic",-0.00251601291674888,0.0387159310111695,0.0758818304098296,-0.0783978433265784,0.0733658174930807,0,0.9481847476127
"49","1226216","african_american",0.0406337359454483,0.0403533330640587,0.0790910794617043,-0.038457343516256,0.119724815407153,0,0.313959431100479
"50","1226216","caucasian",0.0340169745897583,0.0375673138980453,0.0736305822360798,-0.0396136076463215,0.107647556825838,0,0.365203775733381
"51","1226216","hispanic",0.00842986708448734,0.042960482545117,0.084200998546891,-0.0757711314624036,0.0926308656313783,0,0.844435037805035
"52","122715","african_american",0.00583350007073022,0.0322269912498216,0.0631637421797379,-0.0573302421090076,0.0689972422504681,0,0.856357476691964
"53","122715","caucasian",0.0613273016177118,0.0302673441322399,0.0593229044068698,0.00200439721084194,0.120650206024582,1,0.0427456171486418
"54","122715","hispanic",-0.0493579800240695,0.0320597359567423,0.0628359278290786,-0.112193907853148,0.013477947805009,0,0.123666934925441
"55","1228211","african_american",0.0276848299021367,0.0439157686354328,0.0860733248788419,-0.0583884949767052,0.113758154780979,0,0.5284280052898
"56","1228211","caucasian",0.0711128203663975,0.0445242519486872,0.0872659302580142,-0.0161531098916167,0.158378750624412,0,0.110227713482826
"57","1228211","hispanic",0.0134063325996976,0.0411046419429306,0.0805636178055585,-0.0671572852058609,0.0939699504052561,0,0.74430988180779
"58","126219","african_american",-0.0129851393168792,0.0358998392959639,0.070362392070865,-0.0833475313877442,0.0573772527539858,0,0.717572741219775
"59","126219","caucasian",-0.0047573859395925,0.0367839148200376,0.0720951482576629,-0.0768525341972554,0.0673377623180704,0,0.897093904848589
"60","126219","hispanic",-0.0201102225109935,0.0335363418495928,0.0657300221984252,-0.0858402447094187,0.0456197996874317,0,0.548736433936468
"61","13","african_american",-0.0494758997578174,0.0248501279414221,0.0487053557763998,-0.0981812555342172,-0.000770543981417543,1,0.0464840061901581
"62","13","caucasian",0.0427429461851716,0.0219148522472667,0.0429523211311594,-0.000209374945987786,0.085695267316331,0,0.0511272751890337
"63","13","hispanic",0.00357936891086865,0.0276434572003843,0.0541801805209276,-0.050600811610059,0.0577595494317963,0,0.896975156826759
"64","1373","african_american",-0.113059381768107,0.0346464479198154,0.0679057901150808,-0.180965171883188,-0.0451535916530266,1,0.0011014948562702
"65","1373","caucasian",0.0306431587901898,0.0322043849658163,0.0631194346772632,-0.0324762758870734,0.0937625934674529,0,0.341339802607617
"66","1373","hispanic",-0.00424040420912206,0.0400259081193532,0.0784493383624416,-0.0826897425715637,0.0742089341533196,0,0.915628777708996
"67","138","african_american",0.00336419745581225,0.0236365489446769,0.0463267846503849,-0.0429625871945727,0.0496909821061972,0,0.88681910239861
"68","138","caucasian",0.0213509701949079,0.0260991498143384,0.0511533936632185,-0.0298024234683107,0.0725043638581264,0,0.413316371129008
"69","138","hispanic",-0.0166219247505069,0.0342774858149259,0.0671826376778373,-0.0838045624283441,0.0505607129273304,0,0.627731308152081
"70","1411","african_american",-0.0105230327608297,0.0276373433851557,0.0541681976632714,-0.064691230424101,0.0436451649024417,0,0.703385695508827
"71","1411","caucasian",0.0042844681040151,0.0282301539483511,0.0553300850167893,-0.0510456169127742,0.0596145531208044,0,0.879368969277088
"72","1411","hispanic",-0.0360865134978667,0.0339145370487339,0.0664712711678677,-0.102557784665734,0.030384757670001,0,0.287309384107633
"73","1453","african_american",0.00264071029378101,0.0326621427553531,0.0640166234583979,-0.0613759131646169,0.0666573337521789,0,0.935561827041394
"74","1453","caucasian",0.0200329080224037,0.0328444094667367,0.0643738596482903,-0.0443409516258866,0.084406767670694,0,0.541905811586432
"75","1453","hispanic",-0.0417594534577802,0.0346078353262982,0.0678301108224375,-0.109589564280218,0.0260706573646573,0,0.227567975851887
"76","15214","african_american",-0.0187209254130721,0.0321030144241913,0.0629207520665848,-0.0816416774796569,0.0441998266535127,0,0.559791225080882
"77","15214","caucasian",0.0395238732453436,0.0288633434286344,0.0565711135935342,-0.0170472403481906,0.0960949868388777,0,0.170891476868624
"78","15214","hispanic",0.0167103034807951,0.0312762409476494,0.0613003058291897,-0.0445900023483946,0.0780106093099848,0,0.593147087088301
"79","1545","african_american",0.05545484861359,0.0333991490893725,0.0654611293294538,-0.0100062807158638,0.120915977943044,0,0.0968406227291232
"80","1545","caucasian",0.0144569583237171,0.0262836107429756,0.0515149304399022,-0.0370579721161851,0.0659718887636194,0,0.582293998038554
"81","1545","hispanic",0.0108410250104498,0.0340362335814308,0.0667097919889972,-0.0558687669785474,0.077550816999447,0,0.750094896079169
"82","1613","african_american",-0.0332433879608288,0.0348874113679095,0.0683780697949358,-0.101621457755765,0.0351346818341069,0,0.340652742183587
"83","1613","caucasian",0.0159843209432438,0.034178147238854,0.066987937646461,-0.0510036167032172,0.0829722585897048,0,0.640015851253176
"84","1613","hispanic",-0.0341436763294041,0.0330558425972834,0.0647882609693005,-0.0989319372987046,0.0306445846398964,0,0.301646500622492
"85","1646","african_american",0.0111785483080894,0.0314290326152984,0.0615997719949195,-0.0504212236868302,0.0727783203030089,0,0.72208332284316
"86","1646","caucasian",-0.000156313051411416,0.0340730778514633,0.0667820054312974,-0.0669383184827089,0.066625692379886,0,0.996339651690855
"87","1646","hispanic",0.00290755494497716,0.0334771897065995,0.06561408612855,-0.0627065311835728,0.0685216410735271,0,0.930789294655525
"88","1659","african_american",0.0669555752538145,0.0330338871280168,0.0647452290402742,0.00221034621354023,0.131700804294089,1,0.0426751505078091
"89","1659","caucasian",0.0668760291300714,0.0302624370113681,0.0593132866266935,0.0075627425033779,0.126189315756765,1,0.0271142375586615
"90","1659","hispanic",0.0206816760823131,0.0317946074441712,0.0623162854931646,-0.0416346094108515,0.0829979615754777,0,0.515383844721043
"91","1845","african_american",-0.0528401197865605,0.0304170303707267,0.0596162840432853,-0.112456403829846,0.00677616425672474,0,0.0823538784638194
"92","1845","caucasian",0.0164724395726807,0.0297999888041431,0.0584069047958174,-0.0419344652231366,0.0748793443684981,0,0.580423217177624
"93","1845","hispanic",-0.0219835293188225,0.0309677252347866,0.0606956261433138,-0.0826791554621364,0.0387120968244913,0,0.477775338996208
"94","21414","african_american",0.0569300787290558,0.0290037864662475,0.0568463768891353,8.37018399204997e-05,0.113776455618191,1,0.0496636201896334
"95","21414","caucasian",0.0935120768845081,0.0336449222956044,0.0659428359620333,0.0275692409224748,0.159454912846541,1,0.00544625091632778
"96","21414","hispanic",0.0422564985696226,0.0345361127844766,0.0676895372235874,-0.0254330386539648,0.10994603579321,0,0.221123804318871
"97","2153","african_american",-0.0708596635609865,0.0335690562926547,0.0657941413286008,-0.136653804889587,-0.00506552223238568,1,0.0347841283768564
"98","2153","caucasian",-0.0338489212794229,0.0325724930784764,0.0638409133204939,-0.0976898345999168,0.0299919920410709,0,0.298717633741363
"99","2153","hispanic",-0.0835037536919117,0.0314821544441702,0.0617038888663012,-0.145207642558213,-0.0217998648256105,1,0.00799181343297284
"100","21814","african_american",0.0344024397665635,0.0329360071905949,0.0645533878881182,-0.0301509481215547,0.0989558276546817,0,0.296243164578035
"101","21814","caucasian",0.0710896806791425,0.0290832488937531,0.0570021203851704,0.014087560293972,0.128091801064313,1,0.0145112839859758
"102","21814","hispanic",-0.0118197563802823,0.0321386973240152,0.0629906892651036,-0.074810445645386,0.0511709328848213,0,0.713042242047876
"103","254","african_american",-0.0200083955918672,0.0315030804809964,0.0617449031448196,-0.0817532987366868,0.0417365075529524,0,0.52534686007036
"104","254","caucasian",0.00792354078730568,0.0310830957273586,0.0609217481536337,-0.052998207366328,0.0688452889409393,0,0.798788913595122
"105","254","hispanic",0.000566960778087378,0.0318707121927584,0.062465448059448,-0.0618984872813606,0.0630324088375354,0,0.985806862734993
"106","26217","african_american",0.112211323715746,0.0380758322708176,0.0746272599321904,0.037584063783556,0.186838583647937,1,0.00320822898322759
"107","26217","caucasian",0.0488288532942533,0.0294522958029391,0.0577254390357809,-0.00889658574152755,0.106554292330034,0,0.0973383918789805
"108","26217","hispanic",0.116352207958698,0.0437076998835284,0.0856655176188011,0.0306866903398972,0.202017725577499,1,0.00776656782258134
"109","3121","african_american",-0.0405425519085838,0.0357898299284519,0.0701467776725794,-0.110689329581163,0.0296042257639955,0,0.257300216523346
"110","3121","caucasian",0.0175858729286119,0.0419469942380887,0.082214597966363,-0.0646287250377511,0.099800470894975,0,0.67504047909071
"111","3121","hispanic",-0.0270623177289963,0.03387218788428,0.0663882683307627,-0.093450586059759,0.0393259506017664,0,0.424317124279353
"112","315214","african_american",0.0119192171667237,0.03182040455783,0.062366846906841,-0.0504476297401173,0.0742860640735647,0,0.707974485188369
"113","315214","caucasian",0.0386222426430322,0.0335545236302184,0.0657656578336263,-0.0271434151905941,0.104387900476659,0,0.249720147462303
"114","315214","hispanic",0.0220976120181149,0.0376407038391054,0.0737744238773852,-0.0516768118592703,0.0958720358955,0,0.557158764300845
"115","318218","african_american",-0.0124330574239139,0.0298210857087301,0.0584482539689932,-0.070881311392907,0.0460151965450793,0,0.676735688630959
"116","318218","caucasian",-0.0302162361360388,0.0325926300202098,0.0638803810010502,-0.094096617137089,0.0336641448650114,0,0.353880846780688
"117","318218","hispanic",0.00221134114544839,0.0314590971069244,0.0616586973157201,-0.0594473561702717,0.0638700384611685,0,0.943960787055612
"118","321216","african_american",-0.00717652960447595,0.0263318847357979,0.0516095457272239,-0.0587860753316999,0.044433016122748,0,0.785205737458321
"119","321216","caucasian",0.0215318632079288,0.035232561113161,0.069054550864902,-0.0475226876569732,0.0905864140728309,0,0.541109985679692
"120","321216","hispanic",0.0241447762120515,0.0339279517200766,0.0664975634405639,-0.0423527872285124,0.0906423396526154,0,0.476682461109541
"121","32318","african_american",0.0652021735906601,0.03269104783252,0.0640732763686153,0.00112889722204476,0.129275449959275,1,0.0460978451037333
"122","32318","caucasian",0.0987987704575062,0.0255976347066187,0.0501704421143851,0.048628328343121,0.148969212571891,1,0.000113533937036836
"123","32318","hispanic",0.0652309293858707,0.0301013803695344,0.0589976214092284,0.00623330797664225,0.124228550795099,1,0.0302317179521301
"124","323212","african_american",0.069442321814131,0.0412289226928609,0.0808072035993934,-0.0113648817852624,0.150249525413524,0,0.0921216096715982
"125","323212","caucasian",0.0638090518303216,0.0329081992578881,0.0644988853415284,-0.000689833511206869,0.12830793717185,0,0.052501140313568
"126","323212","hispanic",0.0969857335090637,0.0335342135127955,0.0657258507349556,0.0312598827741082,0.162711584244019,1,0.00382624017694333
"127","3515","african_american",0.0276987705612555,0.0311732210024787,0.0610983904469658,-0.0333996198857103,0.0887971610082213,0,0.374248335376583
"128","3515","caucasian",0.0876937758177519,0.0332825164515084,0.0652325335598183,0.0224612422579335,0.15292630937757,1,0.00841794095241455
"129","3515","hispanic",0.0365763217909262,0.0308872777813987,0.0605379520320256,-0.0239616302410994,0.0971142738229517,0,0.236338931999359
"130","4117","african_american",0.0091875305166468,0.0243983210474936,0.047819830536333,-0.0386323000196862,0.0570073610529798,0,0.706497610400565
"131","4117","caucasian",0.0461474366020411,0.0301742794638658,0.0591405010086235,-0.0129930644065824,0.105287937610665,0,0.126174397144547
"132","4117","hispanic",0.0293619958916679,0.0267809764177575,0.0524897492496213,-0.0231277533579534,0.0818517451412892,0,0.272914652975916
"133","413212","african_american",0.0534679788164794,0.0271874598530312,0.0532864421430697,0.000181536673409727,0.106754420959549,1,0.0492245895143235
"134","413212","caucasian",0.0797329863533378,0.0311401750754265,0.0610336216201078,0.01869936473323,0.140766607973446,1,0.0104535496360862
"135","413212","hispanic",0.056738059874624,0.033699610806389,0.0660500234735393,-0.00931196359891525,0.122788083348163,0,0.0922509929126965
"136","41717","african_american",0.0297512390767224,0.0295844211517975,0.0579843999609882,-0.0282331608842658,0.0877356390377106,0,0.314589396561318
"137","41717","caucasian",0.043699148716405,0.0356186185937151,0.0698112096227504,-0.0261120609063453,0.113510358339155,0,0.219874261814831
"138","41717","hispanic",-0.00639518756070174,0.0289314531436648,0.0567046061819912,-0.063099793742693,0.0503094186212895,0,0.82505646603251
"139","41719","african_american",-0.0366696979268454,0.0280005880166857,0.0548801440586478,-0.0915498419854932,0.0182104461318024,0,0.190329642886917
"140","41719","caucasian",-0.0337159088347107,0.0268117747624173,0.0525501128959379,-0.0862660217306486,0.0188342040612271,0,0.208571261380962
"141","41719","hispanic",-0.090830100158928,0.0269335725080725,0.0527888320908203,-0.143618932249748,-0.0380412680681077,1,0.000745229701516026
"142","41914","african_american",0.0402723032282665,0.0250433228571161,0.0490840108531563,-0.0088117076248898,0.0893563140814229,0,0.107812092306322
"143","41914","caucasian",0.104145107232034,0.026746030446542,0.0524212564046341,0.0517238508274001,0.156566363636668,1,9.86645084186666e-05
"144","41914","hispanic",0.0482847966952249,0.0263255547226411,0.051597139129415,-0.00331234243419003,0.0998819358246399,0,0.0666329684500655
"145","423","african_american",-0.0287357280729339,0.0311739214137809,0.0610997632278926,-0.0898354913008264,0.0323640351549587,0,0.356639479252319
"146","423","caucasian",0.0279483753023669,0.0294639503890391,0.0577482816047916,-0.0297999063024247,0.0856966569071585,0,0.342843570698109
"147","423","hispanic",0.00672151644830592,0.0331652118428689,0.0650026207516643,-0.0582811043033584,0.0717241371999702,0,0.83939478870346
"148","46213","african_american",0.051722920127213,0.0316652422425579,0.0620627343571498,-0.0103398142299368,0.113785654484363,0,0.102378834108257
"149","46213","caucasian",-0.00314902846002951,0.0330365454594762,0.0647504392741936,-0.0678994677342231,0.0616014108141641,0,0.924061019189449
"150","46213","hispanic",-0.00503782787418459,0.0300722249172823,0.0589404777728613,-0.0639783056470459,0.0539026498986767,0,0.866957543567503
"151","48218","african_american",0.0419344737427309,0.0384262004962859,0.0753139690354355,-0.0333794952927046,0.117248442778166,0,0.275141342594711
"152","48218","caucasian",0.00468535985273775,0.0340338079349366,0.0667050378092292,-0.0620196779564914,0.0713903976619669,0,0.890502959887826
"153","48218","hispanic",0.0288183904252946,0.0252954436320132,0.0495781584917089,-0.0207597680664142,0.0783965489170035,0,0.254589726959792
"154","5","african_american",-0.0146167895698454,0.0202778687602076,0.0397438924532367,-0.0543606820230821,0.0251271028833913,0,0.471017349033968
"155","5","caucasian",0.0500761083327234,0.0212676267864422,0.041683782538066,0.0083923257946574,0.0917598908707894,1,0.0185441686092642
"156","5","hispanic",-0.00606918917037547,0.025104288899077,0.0492035020996797,-0.0552726912700551,0.0431343129293042,0,0.808966866932207
"157","514215","african_american",0.00593436764320359,0.0369429316562364,0.072406815529548,-0.0664724478863444,0.0783411831727515,0,0.872380037915765
"158","514215","caucasian",0.0471827278379351,0.0329280677572832,0.0645378268847696,-0.0173550990468345,0.111720554722705,0,0.151885553195995
"159","514215","hispanic",0.0173335489351302,0.0320287906122025,0.0627752760682915,-0.0454417271331613,0.0801088250034218,0,0.58837904492786
"160","51422","african_american",0.0674344005063176,0.0371386053280258,0.0727903288789779,-0.00535592837266032,0.140224729385296,0,0.0694088217381099
"161","51422","caucasian",0.00844737226288999,0.031374618784275,0.0614931228458529,-0.0530457505829629,0.0699404951087429,0,0.78774328640863
"162","51422","hispanic",0.0473481891676784,0.0304052831115332,0.059593259838349,-0.0122450706706707,0.106941449006027,0,0.119414559982087
"163","522219","african_american",0.0665551027283073,0.0485285031604696,0.0951141184181587,-0.0285590156898514,0.161669221146466,0,0.170230309214039
"164","522219","caucasian",0.00605878356436733,0.0348169329446273,0.0682399346236155,-0.0621811510592482,0.0742987181879829,0,0.861851078481871
"165","522219","hispanic",0.069374636374414,0.0429569066774188,0.084193989974989,-0.014819353600575,0.153568626349403,0,0.106314566151762
"166","52412","african_american",0.0826630753464997,0.0362246896661106,0.070999087096717,0.0116639882497827,0.153662162443217,1,0.0224920564236899
"167","52412","caucasian",0.036426124360878,0.0286404072212532,0.0561341666562172,-0.0197080422953392,0.0925602910170953,0,0.203428623078341
"168","52412","hispanic",0.0369587012566626,0.031298691848903,0.0613443087870671,-0.0243856075304045,0.0983030100437297,0,0.237666874725391
"169","526216","african_american",-0.0479970167391002,0.0338018339763821,0.0662503772051111,-0.114247393944211,0.0182533604660109,0,0.155621354384186
"170","526216","caucasian",-0.0303209656383842,0.0415804368777945,0.0814961587419183,-0.111817124380302,0.051175193103534,0,0.465871813908216
"171","526216","hispanic",-0.0386978643306065,0.02627010000952,0.0514884498889245,-0.0901863142195311,0.012790585558318,0,0.140730436396804
"172","526218","african_american",0.0356009731127415,0.0377296251751245,0.0739487064934398,-0.0383477333806983,0.109549679606181,0,0.34538359306997
"173","526218","caucasian",0.0107712001572509,0.033550611635442,0.0657579904647567,-0.0549867903075059,0.0765291906220076,0,0.748177553195301
"174","526218","hispanic",0.0205041055567563,0.0354045903725672,0.0693917220176252,-0.0488876164608689,0.0898958275743814,0,0.562496787394632
"175","528213","african_american",0.0183336009504274,0.0321787591160529,0.0630692089346536,-0.0447356079842263,0.081402809885081,0,0.568852480410723
"176","528213","caucasian",-0.00590936900116503,0.0286383385624794,0.0561301121595242,-0.0620394811606892,0.0502207431583592,0,0.836521674500991
"177","528213","hispanic",0.0295883043872891,0.0339081025121059,0.0664586597078197,-0.0368703553205306,0.0960469640951088,0,0.38287962683887
"178","5315","african_american",0.0242843293235637,0.033626211889115,0.0659061642391779,-0.0416218349156142,0.0901904935627417,0,0.470181046103315
"179","5315","caucasian",0.0628813504241407,0.0286206385116309,0.0560954206973366,0.00678592972680412,0.118976771121477,1,0.028015935880535
"180","5315","hispanic",-0.0147199015780643,0.0343606423643244,0.067345621519737,-0.0820655230978013,0.0526257199416727,0,0.668364111054283
"181","54215","african_american",-0.0124060369096696,0.0331686491595994,0.0650093577686596,-0.0774153946783292,0.05260332085899,0,0.708382735394688
"182","54215","caucasian",-0.0446794633055106,0.0292491431527504,0.0573272671580471,-0.102006730463558,0.0126478038525365,0,0.126624858860362
"183","54215","hispanic",-0.023631145991385,0.0378347924384886,0.074154830541986,-0.097785976533371,0.050523684550601,0,0.532241694453635
"184","5712","african_american",0.120183202624321,0.030617116415902,0.060008445485638,0.060174757138683,0.180191648109959,1,8.66001427621832e-05
"185","5712","caucasian",0.096087977476418,0.0294962189476135,0.0578115268174304,0.0382764506589876,0.153899504293848,1,0.00112343970949347
"186","5712","hispanic",0.0311342878034338,0.0347606858915437,0.0681296924253352,-0.0369954046219014,0.0992639802287691,0,0.370426205411702
"187","58215","african_american",-0.0043255088996375,0.0413377088880288,0.0810204206239378,-0.0853459295235753,0.0766949117243003,0,0.916662797251371
"188","58215","caucasian",-0.049420210919925,0.0344268187309514,0.0674753248149536,-0.116895535734879,0.0180551138950286,0,0.151140428223647
"189","58215","hispanic",-0.00167663898319006,0.0282140928188731,0.0552986057814615,-0.0569752447646516,0.0536219667982714,0,0.952613134838153
"190","592","african_american",0.0473498621024191,0.0313461599647296,0.0614373445845013,-0.0140874824820821,0.10878720668692,0,0.130903790517244
"191","592","caucasian",0.0899852181784809,0.0259528565430682,0.0508666641203484,0.0391185540581325,0.140851882298829,1,0.000525799312689035
"192","592","hispanic",0.047859562310623,0.0301278068201097,0.0590494163005952,-0.0111898539899722,0.106908978611218,0,0.112161763316294
"193","615219","african_american",-0.0178556512895739,0.0386510115379829,0.0757545905804886,-0.0936102418700625,0.0578989392909147,0,0.64410202727097
"194","615219","caucasian",-0.010607859143056,0.0324715137438335,0.0636429974614109,-0.0742508566044669,0.053035138318355,0,0.743908413758272
"195","615219","hispanic",-0.0218948335561436,0.0385907520289113,0.0756364841129822,-0.0975313176691257,0.0537416505568386,0,0.570469893381758
"196","6213","african_american",0.0672583027451765,0.0333865701127324,0.0654364749882768,0.00182182775689968,0.132694777733453,1,0.0439537436011694
"197","6213","caucasian",0.107251517474651,0.0294465902709044,0.0577142563984802,0.0495372610761712,0.164965773873131,1,0.000270277030646859
"198","6213","hispanic",0.00186416222713888,0.0321347413310079,0.0629829356612863,-0.0611187734341474,0.0648470978884251,0,0.953740021528392
"199","62416","african_american",0.00923095599173394,0.0327621860274047,0.0642127046685146,-0.0549817486767807,0.0734436606602485,0,0.778130295321728
"200","62416","caucasian",0.0659614452160895,0.0381834596676001,0.0748382057536339,-0.00887676053754438,0.140799650969723,0,0.0840801673038953
"201","62416","hispanic",0.0122647810269427,0.0373614263199466,0.0732270499981421,-0.0609622689711994,0.0854918310250848,0,0.742704578530945
"202","62519","african_american",-0.0526605855120579,0.0315268475512021,0.061791485746441,-0.114452071258499,0.00913090023438311,0,0.0948519191141421
"203","62519","caucasian",0.0194771919632331,0.0279412940259444,0.0547639299722953,-0.0352867380090622,0.0742411219355283,0,0.485755535511281
"204","62519","hispanic",-0.00450338196242228,0.0297803168768157,0.0583683485267492,-0.0628717304891714,0.0538649665643269,0,0.879802109252635
"205","626213","african_american",-0.0172484175185673,0.0306575036562096,0.0600876030220758,-0.0773360205406431,0.0428391855035085,0,0.573696051478015
"206","626213","caucasian",-0.000395883561577648,0.0347556715304073,0.0681198644581025,-0.0685157480196801,0.0677239808965248,0,0.99091191343508
"207","626213","hispanic",0.00920159558299929,0.0321194897004235,0.0629530430146353,-0.0537514474316361,0.0721546385976346,0,0.774510410030553
"208","627217","african_american",-0.00471398729132488,0.0352678926594204,0.0691237994230886,-0.0738377867144135,0.0644098121317637,0,0.893669625852515
"209","627217","caucasian",-0.0305172317719553,0.04264646387881,0.083585533270456,-0.114102765042411,0.0530683014985007,0,0.474246741667754
"210","627217","hispanic",0.00113541228347458,0.0363148494771516,0.0711757970792103,-0.0700403847957357,0.0723112093626849,0,0.97505757651194
"211","636","african_american",-0.0201223725220189,0.0402278530773794,0.0788451432070323,-0.0989675157290512,0.0587227706850135,0,0.616927250433601
"212","636","caucasian",0.0111012708570343,0.0355490894038628,0.0696749349147655,-0.0585736640577312,0.0807762057717997,0,0.754827712235213
"213","636","hispanic",0.0113659011680284,0.036527761258394,0.0715930965023296,-0.0602271953343013,0.082958997670358,0,0.755680592967435
"214","648","african_american",-0.0577002547681332,0.0284636593754304,0.0557877472440595,-0.113488002012193,-0.00191250752407369,1,0.0426465443787656
"215","648","caucasian",-0.0257193711935543,0.0319076834126159,0.0625379103188332,-0.0882572815123874,0.0368185391252789,0,0.420210713325144
"216","648","hispanic",-0.093920773640275,0.0329104695540176,0.0645033350401765,-0.158424108680451,-0.0294174386000985,1,0.00431961006863024
"217","6514","african_american",0.0409151343512349,0.0318443828390345,0.0624138434744129,-0.021498709123178,0.103328977825648,0,0.198846033505069
"218","6514","caucasian",0.0754258950706571,0.0269364056973272,0.0527943850397208,0.0226315100309363,0.128220280110378,1,0.00510793431037349
"219","6514","hispanic",-0.000718593587225769,0.0302105764783649,0.0592116418497881,-0.0599302354370139,0.0584930482625623,0,0.981023180138036
"220","71417","african_american",0.0421232690234319,0.0327803136873988,0.0642482342292269,-0.022124965205795,0.106371503252659,0,0.198786251078696
"221","71417","caucasian",0.0895958570763469,0.0384622199421836,0.075384565852138,0.0142112912242088,0.164980422928485,1,0.0198351854554171
"222","71417","hispanic",0.0846990413963795,0.0331038189452719,0.0648822928834676,0.0198167485129118,0.149581334279847,1,0.0105098147878799
"223","71613","african_american",-0.00322240102104843,0.0341993034308367,0.067029403020797,-0.0702518040418455,0.0638070019997486,0,0.924931084356063
"224","71613","caucasian",0.0130484122317284,0.0347601620121048,0.0681286656405027,-0.0550802534087743,0.0811770778722311,0,0.70737482603329
"225","71613","hispanic",-0.0157163478783332,0.0313950763558115,0.0615332189492754,-0.0772495668276086,0.0458168710709423,0,0.616653275570638
"226","726214","african_american",0.0119616440439131,0.0289011571673338,0.056645227159506,-0.0446835831155929,0.0686068712034191,0,0.678961152476629
"227","726214","caucasian",0.040533145237714,0.0293304382188417,0.0574866025597068,-0.0169534573219927,0.0980197477974208,0,0.166987617866877
"228","726214","hispanic",0.0717780768871307,0.0311326652042293,0.0610189025430328,0.010759174344098,0.132796979430163,1,0.0211355012747776
"229","72913","african_american",0.0201944110216573,0.025863170411637,0.0506908825328304,-0.0304964715111731,0.0708852935544877,0,0.434909954542021
"230","72913","caucasian",0.0711749237030745,0.0316132773217722,0.0619608849839505,0.009214038719124,0.133135808687025,1,0.0243586305744583
"231","72913","hispanic",0.0136686028447002,0.0284521443909982,0.0557651782892898,-0.0420965754445896,0.06943378113399,0,0.630938179886926
"232","72919","african_american",-0.00653119948110543,0.0327087111430117,0.0641078958210269,-0.0706390953021323,0.0575766963399215,0,0.841732672815607
"233","72919","caucasian",0.00247596919070929,0.0338607152011021,0.066365782284928,-0.0638898130942187,0.0688417514756373,0,0.941708894662061
"234","72919","hispanic",-0.0165905442729127,0.0322239882138154,0.0631578563373213,-0.079748400610234,0.0465673120644087,0,0.606657323462678
"235","73212","african_american",0.0403668843675405,0.0352824507486677,0.0691523327536969,-0.0287854483861565,0.109519217121237,0,0.252579435561673
"236","73212","caucasian",-0.0560835274867713,0.0436233454722053,0.0855001860106709,-0.141583713497442,0.0294166585238995,0,0.198571854663193
"237","73212","hispanic",0.00141923958981351,0.0332982462077541,0.0652633633155455,-0.063844123725732,0.066682602905359,0,0.966002816305669
"238","73214","african_american",0.0567842814140022,0.0311029183980319,0.0609605998742307,-0.00417631846022848,0.117744881288233,0,0.0678969978379727
"239","73214","caucasian",0.0932747988030314,0.0244422852914345,0.0479059988710647,0.0453687999319667,0.141180797674096,1,0.000135564232840668
"240","73214","hispanic",0.068334622727707,0.0284332892379344,0.0557282228683618,0.0126063998593452,0.124062845596069,1,0.0162464475405064
"241","754","african_american",0.0141988207760733,0.0333873458175027,0.0654379953416892,-0.051239174565616,0.0796368161177625,0,0.670635838602251
"242","754","caucasian",-0.0307776882196777,0.0310316154866958,0.0608208487360192,-0.0915985369556968,0.0300431605163415,0,0.321286733430947
"243","754","hispanic",-0.0265971246262779,0.0307513208007012,0.0602714812464117,-0.0868686058726896,0.0336743566201337,0,0.387088192923308
"244","759","african_american",-0.0346737437561387,0.0361864944887617,0.07092422592473,-0.105597969680869,0.0362504821685913,0,0.337964080400434
"245","759","caucasian",-0.017447596549755,0.0310983171408795,0.0609515815759284,-0.0783991781256833,0.0435039850261734,0,0.5747659573165
"246","759","hispanic",-0.0573713500285521,0.0316452597622795,0.0620235694154824,-0.119394919444034,0.00465221938693027,0,0.0698391613178675
"247","813216","african_american",0.0925662560388446,0.043883838278387,0.0860107425290188,0.00655551350982578,0.178576998567863,1,0.0349146143128938
"248","813216","caucasian",0.0821424923837185,0.0288444793841676,0.0565341407457766,0.0256083516379419,0.138676633129495,1,0.00440264938009771
"249","813216","hispanic",0.0718910020310432,0.0356437012150394,0.0698603706571838,0.00203063137385937,0.141751372688227,1,0.0437023745105483
"250","815214","african_american",0.00942901365633588,0.0407098440784865,0.0797898282100747,-0.0703608145537388,0.0892188418664106,0,0.816836996443759
"251","815214","caucasian",0.0150736387702636,0.0367219841665856,0.0719737664073579,-0.0569001276370943,0.0870474051776216,0,0.681453897580472
"252","815214","hispanic",-0.0376539377029985,0.0377559071449776,0.0740002182077946,-0.111654155910793,0.0363462805047961,0,0.318619279934834
"253","81522","african_american",0.0262603581300937,0.0354075597589208,0.0693975419079344,-0.0431371837778407,0.0956579000380281,0,0.458293577128197
"254","81522","caucasian",-0.0170001672580838,0.0314998695792808,0.0617386098930991,-0.078738777151183,0.0447384426350153,0,0.589410779569851
"255","81522","hispanic",0.0479127114871517,0.0392784038853719,0.0769842569855471,-0.0290715454983954,0.124896968472699,0,0.222531873995206
"256","82319","african_american",0.023828673484968,0.0303115736046213,0.0594095925797926,-0.0355809190948246,0.0832382660647606,0,0.431794497324526
"257","82319","caucasian",0.031603599950904,0.025535543113954,0.0500487448290197,-0.0184451448781156,0.0816523447799237,0,0.215852621096019
"258","82319","hispanic",0.0221763229434146,0.0321906925692699,0.0630925980731702,-0.0409162751297556,0.0852689210165847,0,0.490883172411087
"259","823213","african_american",0.0493751499103382,0.0389070150119918,0.0762563481694631,-0.0268811982591248,0.125631498079801,0,0.20442137533601
"260","823213","caucasian",0.0242231375072151,0.0321494521833324,0.0630117684020241,-0.0387886308948089,0.0872349059092392,0,0.45117706586418
"261","823213","hispanic",0.0959168129833415,0.0454628446106621,0.0891055380716386,0.00681127491170296,0.18502235105498,1,0.0348769068037083
"262","82419","african_american",0.0112594129052013,0.0302309560262411,0.0592515850296466,-0.0479921721244453,0.0705109979348479,0,0.709560459218464
"263","82419","caucasian",0.0303719334304333,0.0279159449214454,0.0547142466404367,-0.0243423132100035,0.08508618007087,0,0.27660482761548
"264","82419","hispanic",0.0182710090710316,0.0325537386412438,0.0638041552989677,-0.0455331462279361,0.0820751643699993,0,0.574622447189101
"265","8292","african_american",-0.0137769223074429,0.0333880850824172,0.0654394442742967,-0.0792163665817395,0.0516625219668538,0,0.679877789126494
"266","8292","caucasian",0.0220332921715453,0.0436744014759034,0.0856002539391137,-0.0635669617675683,0.107633546110659,0,0.613917194238803
"267","8292","hispanic",-0.0142202491639182,0.0311870008901686,0.0611253985305491,-0.0753456476944673,0.0469051493666309,0,0.648413571875966
"268","848","african_american",0.00586711897049099,0.0311841014515911,0.0611197157353617,-0.0552525967648707,0.0669868347058527,0,0.850763332863938
"269","848","caucasian",-0.0038840762572363,0.0301875620280535,0.0591665343560537,-0.06305061061329,0.0552824580988174,0,0.897622899163371
"270","848","hispanic",-0.0258376832818612,0.0297260332882025,0.0582619546481156,-0.0840996379299769,0.0324242713662544,0,0.384741148159764
"271","885","african_american",0.00604686568403849,0.0326941466880022,0.0640793500137537,-0.0580324843297152,0.0701262156977922,0,0.85326625578056
"272","885","caucasian",0.0485322481021285,0.0238444110943109,0.0467341869774166,0.00179806112471192,0.0952664350795451,1,0.0418134505699523
"273","885","hispanic",0.0163360486505553,0.0338929868292227,0.0664290335137668,-0.0500929848632115,0.0827650821643221,0,0.629813722302645
"274","916213","african_american",0.0392648501168878,0.0294745294240293,0.0577690161323635,-0.0185041660154756,0.0970338662492513,0,0.182806937635367
"275","916213","caucasian",0.0232839625794441,0.0424090645121225,0.0831202390617957,-0.0598362764823517,0.10640420164124,0,0.58298301910907
"276","916213","hispanic",0.0885792471468449,0.0309206768951789,0.0606034130921503,0.0279758340546945,0.149182660238995,1,0.00417371057222216
"277","916219","african_american",0.0246377888834104,0.0317069016805872,0.0621443853553034,-0.037506596471893,0.0867821742387138,0,0.437130370642104
"278","916219","caucasian",-0.0460978159215301,0.0261707960810818,0.0512938177656622,-0.0973916336871924,0.0051960018441321,0,0.0781670044846468
"279","916219","hispanic",0.0129969297093339,0.0442298635378998,0.0866889395754049,-0.073692009866071,0.0996858692847388,0,0.768872797416916
"280","919216","african_american",-0.0176747605524724,0.0294739692549798,0.0577679182212013,-0.0754426787736738,0.0400931576687289,0,0.548723801581035
"281","919216","caucasian",0.0303455282328287,0.0309120346190147,0.0605864745421241,-0.0302409463092955,0.0909320027749528,0,0.326260676610159
"282","919216","hispanic",-0.0243271368206479,0.0325395115637462,0.0637762707394672,-0.088103407560115,0.0394491339188193,0,0.454690376951603
"283","92714","african_american",0.0567194002913311,0.0330588450326236,0.0647941456344331,-0.00807474534310197,0.121513545925764,0,0.0862150821731322
"284","92714","caucasian",0.0952267441898584,0.0358491112674677,0.0702629669620057,0.0249637772278527,0.165489711151864,1,0.00789983965374597
"285","92714","hispanic",0.0304330326616764,0.0289755772593329,0.0567910878595503,-0.0263580551978739,0.0872241205212267,0,0.293580461110386
"286","937","african_american",-0.121424687840044,0.0308342800327624,0.0604340783534369,-0.181858766193481,-0.0609906094866076,1,8.21714435867982e-05
"287","937","caucasian",-0.108805469609797,0.0319631685007837,0.0626466590933212,-0.171452128703118,-0.0461588105164758,1,0.000663851248532632
"288","937","hispanic",-0.119406751729548,0.0354499530654935,0.0694806312620026,-0.188887382991551,-0.0499261204675454,1,0.000756280265967968
"289","9414","african_american",0.0486511140014045,0.0345610744393957,0.0677384611682235,-0.019087347166819,0.116389575169628,0,0.159224297449513
"290","9414","caucasian",0.0746007477864623,0.032545719411003,0.0637884378965119,0.0108123098899504,0.138389185682974,1,0.0218950801333704
"291","9414","hispanic",0.00496525027847383,0.0301900879839013,0.0591714851385419,-0.0542062348600681,0.0641367354170158,0,0.869364120816797
"292","9418","african_american",0.00709182724822313,0.0317095878139262,0.0621496500799055,-0.0550578228316824,0.0692414773281286,0,0.823030196114844
"293","9418","caucasian",0.044187629345106,0.0389593554161347,0.0763589334765195,-0.0321713041314136,0.120546562821626,0,0.256711434414108
"294","9418","hispanic",0.0223871903144754,0.0352607768057287,0.0691098526061336,-0.0467226622916581,0.091497042920609,0,0.525491359641733
"295","9715","african_american",0.0487864474533126,0.035190173961824,0.0689714735748742,-0.0201850261215616,0.117757921028187,0,0.165635287935892
"296","9715","caucasian",0.080165355373174,0.0343380661185274,0.0673013728910688,0.0128639824821051,0.147466728264243,1,0.0195647739342584
"297","9715","hispanic",0.0194152811425738,0.0352297597284599,0.069049060251781,-0.0496337791092072,0.0884643413943548,0,0.581562001460399
"298","99","african_american",0.0232907677884214,0.0206598245797008,0.0404925121031289,-0.0172017443147075,0.0637832798915502,0,0.259596278209787
"299","99","caucasian",0.132819698750973,0.0182799738935628,0.0358280904697156,0.0969916082812572,0.168647789220688,1,3.70592445619877e-13
"300","99","hispanic",0.0418290176196024,0.0302374820001259,0.0592643757034249,-0.0174353580838225,0.101093393323027,0,0.166557605240049
"301","apr","african_american",NA,0,0,NA,NA,NA,NA
"302","apr","caucasian",NA,0,0,NA,NA,NA,NA
"303","apr","hispanic",NA,0,0,NA,NA,NA,NA
"304","april","african_american",0.00910912941762945,0.0275326150679795,0.0539629339334445,-0.0448538045158151,0.063072063351074,0,0.7407587864331
"305","april","caucasian",-0.057247441355139,0.0231609097165633,0.0453945488936479,-0.102641990248787,-0.0118528924614912,1,0.013446222826083
"306","april","hispanic",0.0064908477186691,0.0287898778227346,0.0564271236518682,-0.0499362759331991,0.0629179713705373,0,0.821624631513851
"307","aug","african_american",NA,0,0,NA,NA,NA,NA
"308","aug","caucasian",NA,0,0,NA,NA,NA,NA
"309","aug","hispanic",NA,0,0,NA,NA,NA,NA
"310","august","african_american",0.0478501229546964,0.0287581287993548,0.0563648967094995,-0.00851477375480304,0.104215019664196,0,0.096136081666333
"311","august","caucasian",-0.05308105526492,0.0299784876831061,0.0587567561698656,-0.111837811434786,0.0056757009049456,0,0.0766208864733291
"312","august","hispanic",0.0451404999010265,0.0369173570466325,0.0723566902158056,-0.0272161903147791,0.117497190116832,0,0.221426166387387
"313","dec","african_american",NA,0,0,NA,NA,NA,NA
"314","dec","caucasian",NA,0,0,NA,NA,NA,NA
"315","dec","hispanic",NA,0,0,NA,NA,NA,NA
"316","december","african_american",-0.0107358795867185,0.0223122896147128,0.0437312840574642,-0.0544671636441827,0.0329954044707457,0,0.630399655892512
"317","december","caucasian",-0.0723665586672723,0.0237301342264975,0.0465102084322364,-0.118876767099509,-0.0258563502350359,1,0.00229173939420524
"318","december","hispanic",-0.00152363633969799,0.0251078062108276,0.0492103959040332,-0.0507340322437312,0.0476867595643352,0,0.951611057444992
"319","feb","african_american",NA,0.0206822131327124,0.0405363928606975,NA,NA,NA,NA
"320","feb","caucasian",NA,0.0071865222159112,0.0140853247172829,NA,NA,NA,NA
"321","feb","hispanic",NA,0.0127591484846559,0.0250074715033244,NA,NA,NA,NA
"322","february","african_american",0.00310391304083169,0.0240689677134921,0.0471743098635019,-0.0440703968226702,0.0502782229043336,0,0.897389991393774
"323","february","caucasian",-0.0881019221618771,0.0255553051247908,0.0500874776585219,-0.138189399820399,-0.0380144445033553,1,0.000565799772392239
"324","february","hispanic",-0.000267227581935003,0.0280202494016623,0.0549186796650882,-0.0551859072470232,0.0546514520831532,0,0.99239073404717
"325","fri","african_american",0.0105395994425635,0.0351738635472178,0.0689395057496731,-0.0583999063071096,0.0794791051922366,0,0.764449536454411
"326","fri","caucasian",-0.0550292888656259,0.0276542136676468,0.054201262809363,-0.109230551674989,-0.000828026056262886,1,0.0466012787003787
"327","fri","hispanic",-0.00653226512622496,0.0306883466122957,0.0601480541051814,-0.0666803192314063,0.0536157889789564,0,0.831437594572224
"328","friday","african_american",0.0468818999826908,0.0385391482869128,0.0755353426371976,-0.0286534426545068,0.122417242619888,0,0.223804131873272
"329","friday","caucasian",-0.069205229356885,0.02389015270037,0.0468238388778876,-0.116029068234773,-0.0223813904789974,1,0.00376978185404919
"330","friday","hispanic",-0.0504029035568237,0.0357936485536765,0.0701542620404901,-0.120557165597314,0.0197513584836664,0,0.159086018418129
"331","jan","african_american",NA,0,0,NA,NA,NA,NA
"332","jan","caucasian",NA,0,0,NA,NA,NA,NA
"333","jan","hispanic",NA,0,0,NA,NA,NA,NA
"334","january","african_american",-0.00781191045243759,0.0238675608721427,0.046779559708217,-0.0545914701606546,0.0389676492557795,0,0.743439161641292
"335","january","caucasian",-0.0959925061091781,0.0286603198227469,0.0561731946379833,-0.152165700747161,-0.0398193114711947,1,0.000810109521394375
"336","january","hispanic",0.0101223753736122,0.0281957214806826,0.0552625986202602,-0.045140223246648,0.0653849739938723,0,0.719592134613514
"337","jul","african_american",NA,0,0,NA,NA,NA,NA
"338","jul","caucasian",NA,0,0,NA,NA,NA,NA
"339","jul","hispanic",NA,0,0,NA,NA,NA,NA
"340","july","african_american",0.0451052453368902,0.027502768100171,0.0539044349514923,-0.00879918961460203,0.0990096802883825,0,0.100999832294289
"341","july","caucasian",-0.0418501890264451,0.023074918789726,0.0452260097740496,-0.0870761988004947,0.00337582074760445,0,0.0697292068988113
"342","july","hispanic",0.0461681185290217,0.0286739188794963,0.0561998482994359,-0.0100317297704141,0.102367966828458,0,0.107374186907501
"343","jun","african_american",NA,0,0,NA,NA,NA,NA
"344","jun","caucasian",NA,0,0,NA,NA,NA,NA
"345","jun","hispanic",NA,0,0,NA,NA,NA,NA
"346","june","african_american",0.0174357486015651,0.0259794116421356,0.0509187111581264,-0.0334829625565613,0.0683544597596916,0,0.502133154867409
"347","june","caucasian",-0.0620294485241175,0.021229669630584,0.0416093878796283,-0.103638836403746,-0.0204200606444892,1,0.00347983370863636
"348","june","hispanic",-0.00796626996307168,0.0259344080107259,0.0508305056613898,-0.0587967756244615,0.0428642356983181,0,0.75871404190394
"349","mar","african_american",NA,0,0,NA,NA,NA,NA
"350","mar","caucasian",NA,0,0,NA,NA,NA,NA
"351","mar","hispanic",NA,0,0,NA,NA,NA,NA
"352","march","african_american",-0.0125193441330339,0.0297677268428439,0.0583436725136003,-0.0708630166466342,0.0458243283805664,0,0.674070790775198
"353","march","caucasian",-0.0789859855547547,0.0282173453997097,0.055304980722758,-0.134290966277513,-0.0236810048319968,1,0.00512294390009083
"354","march","hispanic",0.00553297643200494,0.0257650594938161,0.0504985886674114,-0.0449656122354064,0.0560315650994163,0,0.829964358708217
"355","may","african_american",0.0812500722706318,0.0206948235023981,0.0405611087311134,0.0406889635395184,0.121811181001745,1,8.63320951316471e-05
"356","may","caucasian",-0.0906629797071219,0.0175384039164161,0.0343746400224918,-0.125037619729614,-0.05628833968463,1,2.34850017433175e-07
"357","may","hispanic",0.0265462195966393,0.0308941103141085,0.06055134355006,-0.0340051239534207,0.0870975631466993,0,0.390194474028746
"358","mon","african_american",0.0237637030077167,0.0349029480791402,0.0684085211893862,-0.0446448181816695,0.0921722241971029,0,0.495965849965626
"359","mon","caucasian",-0.0913235386833549,0.0346596569997561,0.0679316794360334,-0.159255218119388,-0.0233918592473214,1,0.00841705985076491
"360","mon","hispanic",-0.00761931674496736,0.0347773334105727,0.068162320963064,-0.0757816377080314,0.0605430042180966,0,0.826581043120308
"361","monday","african_american",0.0428115025162697,0.0326459513887604,0.0639848889630158,-0.0211733864467461,0.106796391479285,0,0.189726776991248
"362","monday","caucasian",-0.129957766830921,0.0224569875056543,0.0440148867123485,-0.17397265354327,-0.0859428801185727,1,7.16701475944603e-09
"363","monday","hispanic",-0.064940600655973,0.0284254236537182,0.0557128066065805,-0.120653407262553,-0.00922779404939243,1,0.0223365452968884
"364","nov","african_american",NA,0,0,NA,NA,NA,NA
"365","nov","caucasian",NA,0,0,NA,NA,NA,NA
"366","nov","hispanic",NA,0,0,NA,NA,NA,NA
"367","november","african_american",-0.0185209538787603,0.0204875293816951,0.0401548197203285,-0.0586757735990889,0.0216338658415682,0,0.365989518030098
"368","november","caucasian",-0.0755133809521794,0.0261431371575547,0.051239607271698,-0.126752988223877,-0.0242737736804814,1,0.00387134440876369
"369","november","hispanic",0.0106530267221387,0.0227912197922127,0.0446699699564733,-0.0340169432343345,0.055322996678612,0,0.64020083589852
"370","oct","african_american",NA,0.00279724289104342,0.00548249532245581,NA,NA,NA,NA
"371","oct","caucasian",NA,0.00230642190901563,0.00452050387482474,NA,NA,NA,NA
"372","oct","hispanic",NA,0.0018678456528578,0.00366091020828098,NA,NA,NA,NA
"373","october","african_american",0.00695744274271419,0.017735273307905,0.0347604969394684,-0.0278030541967542,0.0417179396821826,0,0.694840936579593
"374","october","caucasian",-0.0505990010686219,0.0283326713593098,0.0555310154500567,-0.106130016518679,0.00493201438143483,0,0.0741172612626424
"375","october","hispanic",0.0177138069178909,0.0249251026509702,0.0488523035068653,-0.0311384965889744,0.0665661104247562,0,0.477281686494118
"376","sat","african_american",0.0126813558024878,0.0305590476526483,0.059894632801034,-0.0472132769985461,0.0725759886035218,0,0.678157449559772
"377","sat","caucasian",0.128849745169282,0.0256720043982873,0.050316204031597,0.078533541137685,0.179165949200879,1,5.19205650251209e-07
"378","sat","hispanic",0.0044540504226461,0.0265245766832506,0.051987215004342,-0.0475331645816958,0.0564412654269881,0,0.866644925432646
"379","saturday","african_american",0.0652811689302325,0.0427110590788746,0.0837121375361567,-0.0184309686059242,0.148993306466389,0,0.1264040397936
"380","saturday","caucasian",-0.0384165615774691,0.0278595715235039,0.0546037568107852,-0.0930203183882543,0.0161871952333161,0,0.167914537610541
"381","saturday","hispanic",-0.0022403857903555,0.0417147527737735,0.0817594130605883,-0.0839997988509438,0.0795190272702328,0,0.957168384808686
"382","sep","african_american",NA,0,0,NA,NA,NA,NA
"383","sep","caucasian",NA,0,0,NA,NA,NA,NA
"384","sep","hispanic",NA,0,0,NA,NA,NA,NA
"385","september","african_american",0.0230579213704914,0.0248664339471293,0.0487373149603175,-0.0256793935898261,0.0717952363308089,0,0.353785882843483
"386","september","caucasian",-0.0693171236664057,0.0279046917129649,0.0546921907571046,-0.12400931442351,-0.0146249329093011,1,0.0129891368826789
"387","september","hispanic",0.0238135981780943,0.0282899348282578,0.0554472533883706,-0.0316336552102763,0.0792608515664648,0,0.399917108333392
"388","sun","african_american",0.0262915245722979,0.0412556082102305,0.0808595062523467,-0.0545679816800488,0.107151030824645,0,0.523940099069012
"389","sun","caucasian",0.00268730520037934,0.031822805425079,0.0623715525201807,-0.0596842473198013,0.06505885772056,0,0.932701920766656
"390","sun","hispanic",0.00301575750927441,0.0348843173898538,0.0683720057093777,-0.0653562482001033,0.0713877632186521,0,0.931108512947116
"391","sunday","african_american",0.0455612444435246,0.0268170885349588,0.0525605276987413,-0.00699928325521666,0.0981217721422659,0,0.0893261324327737
"392","sunday","caucasian",-0.0472472937777638,0.0272338666340187,0.0533773977624438,-0.100624691540208,0.00613010398467992,0,0.0827633423526375
"393","sunday","hispanic",0.0131709622160997,0.0277969306053749,0.054480982867294,-0.0413100206511943,0.0676519450833937,0,0.635622612610377
"394","thu","african_american",-0.0810227511450648,0.0336943412338367,0.0660396953011228,-0.147062446446188,-0.0149830558439421,1,0.0161884167791511
"395","thu","caucasian",0.00667340171057731,0.0277115127629055,0.0543135669724169,-0.0476401652618396,0.0609869686829942,0,0.809696999603016
"396","thu","hispanic",-0.0272006482933648,0.0176397119141492,0.0345732000493945,-0.0617738483427593,0.00737255175602976,0,0.123070665919111
"397","thur","african_american",NA,0,0,NA,NA,NA,NA
"398","thur","caucasian",NA,0,0,NA,NA,NA,NA
"399","thur","hispanic",NA,0,0,NA,NA,NA,NA
"400","thurs","african_american",-0.0124954196391627,0.0333520242686053,0.0653687663779723,-0.077864186017135,0.0528733467388096,0,0.70791891459745
"401","thurs","caucasian",-0.0611526259453967,0.0332632695153624,0.0651948102581594,-0.126347436203556,0.00404218431276264,0,0.0659971495976914
"402","thurs","hispanic",-0.0652747720130719,0.050996889157054,0.0999520660714071,-0.165226838084479,0.0346772940583351,0,0.200553729700096
"403","thursday","african_american",0.0308999845059589,0.0295263721047036,0.0578706259193471,-0.0269706414133882,0.0887706104253059,0,0.295320303747259
"404","thursday","caucasian",-0.0428138452582061,0.0296082227901794,0.0580310503149897,-0.100844895573196,0.0152172050567836,0,0.14817383792078
"405","thursday","hispanic",0.00736210962058976,0.039326748746109,0.0770790111714294,-0.0697169015508396,0.0844411207920192,0,0.851500988809328
"406","tue","african_american",0.0260993231087923,0.0365433644830584,0.0716236782607146,-0.0455243551519223,0.0977230013695069,0,0.475102633814923
"407","tue","caucasian",0.0812217617407441,0.0248686780153926,0.0487417132532924,0.0324800484874517,0.129963474994037,1,0.0010906803713675
"408","tue","hispanic",0.0725521543063223,0.028882248021173,0.0566081659140522,0.0159439883922701,0.129160320220375,1,0.0120049709662216
"409","tues","african_american",0.0365379631286487,0.0293095517243541,0.0574456657827478,-0.0209077026540991,0.0939836289113965,0,0.212535741367233
"410","tues","caucasian",-0.0911583872511983,0.0359582110690424,0.0704767986438126,-0.161635185895011,-0.0206815886073857,1,0.0112408747775825
"411","tues","hispanic",-0.0733002297580242,0.0288357930743739,0.0565171158914223,-0.129817345649447,-0.0167831138666019,1,0.0110224069341092
"412","tuesday","african_american",0.0111418823551503,0.0319280540076816,0.0625778359515056,-0.0514359535963553,0.0737197183066559,0,0.727113022996641
"413","tuesday","caucasian",-0.107185719162226,0.0283726336542569,0.0556093401088926,-0.162795059271118,-0.0515763790533332,1,0.000158229175778235
"414","tuesday","hispanic",-0.0510357465595007,0.0288326850956389,0.056511024365037,-0.107546770924538,0.00547527780553631,0,0.0767161987587228
"415","wed","african_american",0.0780197260901332,0.0293925357302353,0.0576083114455679,0.0204114146445653,0.135628037535701,1,0.00794481484967435
"416","wed","caucasian",-0.0298699292354286,0.0314029902717229,0.0615487299394385,-0.0914186591748671,0.0316788007040099,0,0.341512476789638
"417","wed","hispanic",0.0547751589212567,0.030937633489067,0.0606366474054715,-0.00586148848421485,0.115411806326728,0,0.0766434603051542
"418","wednesday","african_american",0.0705930864438415,0.0303954113245237,0.0595739114913474,0.0110191749524941,0.130166997935189,1,0.0202064820364183
"419","wednesday","caucasian",-0.0538787574041635,0.0312274058130794,0.0612045907242524,-0.115083348128416,0.00732583332008893,0,0.0844612280738739
"420","wednesday","hispanic",-0.0169773025350878,0.0332073952959659,0.0650852988004779,-0.0820626013355657,0.0481079962653901,0,0.609175554098847
